Champion,Skin,Votes
Aatrox,Classic,44
Aatrox,Justicar,73
Aatrox,Mecha,312
Aatrox,Sea Hunter,35
Aatrox,Blood Moon,331
Aatrox,Prestige Blood Moon,580
Aatrox,Victorious,34
Aatrox,Odyssey,83
Aatrox,Lunar Eclipse,194
Ahri,Classic,23
Ahri,Dynasty,9
Ahri,Midnight,32
Ahri,Foxfire,50
Ahri,Popstar,49
Ahri,Challenger,21
Ahri,Academy,8
Ahri,Arcade,36
Ahri,Star Guardian,112
Ahri,K/DA,34
Ahri,Prestige K/DA,54
Ahri,Elderwood,78
Ahri,Spirit Blossom,748
Ahri,K/DA ALL OUT,90
Ahri,Coven,123
Ahri,Arcana,70
Akali,Classic,13
Akali,Stinger,7
Akali,Infernal,37
Akali,All-star,3
Akali,Nurse,26
Akali,Blood Moon,67
Akali,Silverfang,28
Akali,Headhunter,13
Akali,Sashimi,17
Akali,K/DA,92
Akali,Prestige K/DA,173
Akali,PROJECT,55
Akali,True Damage,92
Akali,K/DA ALL OUT,100
Akali,Crime City Nightmare,30
Akali,Star Guardian,329
Akshan,Classic,114
Akshan,Cyber Pop,111
Akshan,Crystal Rose,218
Alistar,Classic,2
Alistar,Black,30
Alistar,Golden,3
Alistar,Matador,5
Alistar,Longhorn,6
Alistar,Unchained,3
Alistar,Infernal,6
Alistar,Sweeper,2
Alistar,Marauder,8
Alistar,SKT T1,9
Alistar,Moo Cow,394
Alistar,Hextech,14
Alistar,Conqueror,8
Alistar,Blackfrost,51
Alistar,Lunar Beast,20
Amumu,Classic,4
Amumu,Pharaoh,9
Amumu,Vancouver,12
Amumu,Emumu,17
Amumu,Re-Gifted,16
Amumu,Almost-Prom King,7
Amumu,Little Knight,17
Amumu,Sad Robot,26
Amumu,Surprise Party,83
Amumu,Infernal,78
Amumu,Hextech,21
Amumu,Pumpkin Prince,60
Amumu,Porcelain,107
Amumu,Heartache,4
Anivia,Classic,2
Anivia,Team Spirit,15
Anivia,Bird of Prey,1
Anivia,Noxus Hunter,1
Anivia,Hextech,4
Anivia,Blackfrost,119
Anivia,Prehistoric,7
Anivia,Festival Queen,32
Anivia,Papercraft,149
Anivia,Cosmic Flight,35
Anivia,Divine Phoenix,90
Anivia,Bewitching Batnivia,41
Annie,Classic,0
Annie,Goth,32
Annie,Red Riding,12
Annie,Annie in Wonderland,27
Annie,Prom Queen,2
Annie,Frostfire,22
Annie,Reverse,30
Annie,FrankenTibbers,11
Annie,Panda,39
Annie,Sweetheart,6
Annie,Hextech,22
Annie,Super Galaxy,35
Annie,Annie-Versary,91
Annie,Lunar Beast,25
Annie,Cafe Cuties,63
Annie,Fright Night,95
Aphelios,Classic,12
Aphelios,Nightbringer,72
Aphelios,Lunar Beast,100
Aphelios,EDG,228
Aphelios,Spirit Blossom,246
Ashe,Classic,1
Ashe,Freljord,3
Ashe,Sherwood Forest,1
Ashe,Woad,5
Ashe,Queen,3
Ashe,Amethyst,6
Ashe,Heartseeker,15
Ashe,Marauder,0
Ashe,PROJECT,248
Ashe,Championship,18
Ashe,Cosmic Queen,22
Ashe,High Noon,448
Ashe,Fae Dragon,76
Ashe,Coven,32
Ashe,Ocean Song,25
Ashe,Lunar Empress,15
Aurelion Sol,Classic,71
Aurelion Sol,Ashen Lord,60
Aurelion Sol,Mecha,69
Aurelion Sol,Storm Dragon,398
Azir,Classic,40
Azir,Galactic,10
Azir,Gravelord,63
Azir,SKT T1,22
Azir,Warring Kingdoms,151
Azir,Elderwood,140
Azir,Worlds 2020,88
Bard,Classic,8
Bard,Elderwood,66
Bard,Snow Day,206
Bard,Bard Bard,88
Bard,Astronaut,169
Bard,Cafe Cuties,98
Bel'Veth,Classic,169
Bel'Veth,Battle Boss,116
Blitzcrank,Classic,4
Blitzcrank,Rusty,10
Blitzcrank,Goalkeeper,9
Blitzcrank,Boom Boom,24
Blitzcrank,Piltover Customs,35
Blitzcrank,Definitely Not,70
Blitzcrank,iBlitzcrank,71
Blitzcrank,Riot,15
Blitzcrank,Battle Boss,11
Blitzcrank,Lancer Rogue,10
Blitzcrank,Lancer Paragon,19
Blitzcrank,Witch's Brew,22
Blitzcrank,Space Groove Blitz & Crank,259
Blitzcrank,Victorious,2
Blitzcrank,Zenith Games,5
Brand,Classic,4
Brand,Apocalyptic,1
Brand,Vandal,2
Brand,Cryocore,6
Brand,Zombie,212
Brand,Spirit Fire,34
Brand,Battle Boss,34
Brand,Arclight,30
Brand,Eternal Dragon,52
Brand,Debonair,12
Brand,Prestige Debonair,21
Braum,Classic,2
Braum,Dragonslayer,52
Braum,El Tigre,24
Braum,Lionheart,7
Braum,Santa,128
Braum,Crime City,74
Braum,Sugar Rush,30
Braum,Pool Party,55
Caitlyn,Classic,3
Caitlyn,Resistance,9
Caitlyn,Sheriff,23
Caitlyn,Safari,10
Caitlyn,Arctic Warfare,19
Caitlyn,Officer,20
Caitlyn,Headhunter,16
Caitlyn,Lunar Wraith,30
Caitlyn,Pulsefire,140
Caitlyn,Pool Party,172
Caitlyn,Arcade,20
Caitlyn,Prestige Arcade,29
Caitlyn,Battle Academia,252
Caitlyn,Arcane Caitlyn,48
Caitlyn,Snow Moon Caitlyn,105
Caitlyn,Heartthrob,60
Camille,Classic,14
Camille,Program,48
Camille,Coven,128
Camille,iG,182
Camille,Arcana,121
Camille,Strike Commander,28
Cassiopeia,Classic,3
Cassiopeia,Desperada,5
Cassiopeia,Siren,2
Cassiopeia,Mythic,3
Cassiopeia,Jade Fang,10
Cassiopeia,Eternum,31
Cassiopeia,Spirit Blossom,233
Cassiopeia,Coven,58
Cassiopeia,Bewitching,27
Cho'Gath,Classic,4
Cho'Gath,Nightmare,8
Cho'Gath,Gentleman,172
Cho'Gath,Loch Ness,7
Cho'Gath,Jurassic,16
Cho'Gath,Battlecast Prime,62
Cho'Gath,Prehistoric,6
Cho'Gath,Dark Star,145
Cho'Gath,Shan Hai Scrolls,80
Cho'Gath,Broken Covenant,166
Corki,Classic,1
Corki,UFO,17
Corki,Ice Toboggan,44
Corki,Red Baron,26
Corki,Hot Rod,0
Corki,Urfrider,25
Corki,Dragonwing,13
Corki,Fnatic,5
Corki,Arcade,41
Corki,Corgi,203
Corki,Astronaut,35
Darius,Classic,2
Darius,Lord Darius,3
Darius,Bioforge,3
Darius,Woad King,12
Darius,Dunkmaster,146
Darius,Academy,2
Darius,Dreadnova,7
Darius,God-King,282
Darius,High Noon,19
Darius,Lunar Beast,9
Darius,Crime City Nightmare,5
Darius,Spirit Blossom,20
Diana,Classic,3
Diana,Dark Valkyrie,5
Diana,Lunar Goddess,19
Diana,Infernal,7
Diana,Blood Moon,38
Diana,Dark Waters,27
Diana,Dragonslayer,17
Diana,Battle Queen,37
Diana,Prestige Battle Queen,63
Diana,Sentinel,64
Diana,Firecracker,13
Diana,Winterblessed,310
Dr. Mundo,Classic,2
Dr. Mundo,Toxic,6
Dr. Mundo,Mr. Mundoverse,11
Dr. Mundo,Corporate,451
Dr. Mundo,Mundo Mundo,16
Dr. Mundo,Executioner,4
Dr. Mundo,Rageborn,12
Dr. Mundo,TPA,5
Dr. Mundo,Pool Party,18
Dr. Mundo,El Macho,5
Dr. Mundo,Frozen Prince,16
Draven,Classic,6
Draven,Soul Reaver,78
Draven,Gladiator,183
Draven,Primetime,25
Draven,Pool Party,5
Draven,Beast Hunter,4
Draven,Draven Draven,86
Draven,Santa,15
Draven,Mecha Kingdoms,20
Draven,Ruined,34
Draven,Debonair,28
Draven,Fright Night,74
Ekko,Classic,4
Ekko,Sandstorm,41
Ekko,Academy,2
Ekko,PROJECT,24
Ekko,SKT T1,19
Ekko,Trick or Treat,17
Ekko,True Damage,390
Ekko,Pulsefire,16
Ekko,Firelight,42
Ekko,Star Guardian,5
Ekko,Prestige Star Guardian,14
Elise,Classic,2
Elise,Death Blossom,40
Elise,Victorious,20
Elise,Blood Moon,60
Elise,SKT T1,1
Elise,Super Galaxy,31
Elise,Bewitching,87
Elise,Withered Rose,97
Evelynn,Classic,8
Evelynn,Shadow,22
Evelynn,Masquerade,12
Evelynn,Tango,23
Evelynn,Safecracker,2
Evelynn,Blood Moon,22
Evelynn,K/DA,13
Evelynn,Prestige K/DA,28
Evelynn,Sugar Rush,16
Evelynn,K/DA ALL OUT,78
Evelynn,Coven,226
Evelynn,Spirit Blossom,68
Ezreal,Classic,12
Ezreal,Nottingham,29
Ezreal,Striker,31
Ezreal,Frosted,67
Ezreal,Explorer,14
Ezreal,Pulsefire,62
Ezreal,TPA,21
Ezreal,Debonair,17
Ezreal,Ace of Spades,6
Ezreal,Arcade,24
Ezreal,Star Guardian,31
Ezreal,SSG,23
Ezreal,Pajama Guardian,38
Ezreal,Battle Academia,336
Ezreal,PsyOps,33
Ezreal,Prestige PsyOps,43
Ezreal,Porcelain Protector,109
Ezreal,Faerie Court,39
Fiddlesticks,Classic,15
Fiddlesticks,Spectral,8
Fiddlesticks,Union Jack,7
Fiddlesticks,Bandito,8
Fiddlesticks,Pumpkinhead,18
Fiddlesticks,Fiddle Me Timbers,5
Fiddlesticks,Surprise Party,243
Fiddlesticks,Dark Candy,13
Fiddlesticks,Risen,10
Fiddlesticks,Praetorian,18
Fiddlesticks,Star Nemesis,121
Fiora,Classic,2
Fiora,Royal Guard,2
Fiora,Nightraven,2
Fiora,Headmistress,30
Fiora,PROJECT,61
Fiora,Pool Party,50
Fiora,Soaring Sword,122
Fiora,Heartpiercer,5
Fiora,iG,125
Fiora,Pulsefire,5
Fiora,Lunar Beast,16
Fiora,Prestige Lunar Beast,37
Fiora,Bewitching,12
Fiora,Faerie Court,32
Fizz,Classic,1
Fizz,Atlantean,3
Fizz,Tundra,6
Fizz,Fisherman,107
Fizz,Void,40
Fizz,Cottontail,26
Fizz,Super Galaxy,19
Fizz,Omega Squad,22
Fizz,Fuzz Fizz,53
Fizz,Prestige Fuzz Fizz,33
Fizz,Little Devil,58
Fizz,Astronaut,15
Galio,Classic,9
Galio,Enchanted,17
Galio,Hextech,13
Galio,Commando,8
Galio,Gatekeeper,89
Galio,Debonair,3
Galio,Birdio,127
Galio,Infernal,26
Galio,Dragon Guardian,55
Galio,Mythmaker,20
Gangplank,Classic,5
Gangplank,Spooky,24
Gangplank,Minuteman,2
Gangplank,Sailor,6
Gangplank,Toy Soldier,22
Gangplank,Special Forces,106
Gangplank,Sultan,12
Gangplank,Captain,46
Gangplank,Dreadnova,41
Gangplank,Pool Party,76
Gangplank,FPX,25
Gangplank,Gangplank the Betrayer,165
Garen,Classic,5
Garen,Sanguine,1
Garen,Desert Trooper,2
Garen,Commando,16
Garen,Dreadknight,1
Garen,Rugged,24
Garen,Steel Legion,13
Garen,Rogue Admiral,4
Garen,Warring Kingdoms,21
Garen,God-King,218
Garen,Demacia Vice,73
Garen,Mecha Kingdoms,11
Garen,Prestige Mecha Kingdoms,9
Garen,Battle Academia,11
Garen,Mythmaker,13
Gnar,Classic,4
Gnar,Dino,53
Gnar,Gentleman,65
Gnar,Snow Day,30
Gnar,El Le√≥n,4
Gnar,Super Galaxy,33
Gnar,SSG,21
Gnar,Astronaut,74
Gnar,Elderwood,80
Gragas,Classic,2
Gragas,Scuba,29
Gragas,Hillbilly,36
Gragas,Santa,19
Gragas,ESQ.,41
Gragas,Vandal,29
Gragas,Oktoberfest,68
Gragas,Superfan,3
Gragas,Fnatic,5
Gragas,Caskbreaker,16
Gragas,Arctic Ops,110
Gragas,Warden,19
Gragas,Space Groove,47
Graves,Classic,4
Graves,Hired Gun,2
Graves,Jailbreak,2
Graves,Crime City,205
Graves,Riot,12
Graves,Pool Party,58
Graves,Cutthroat,1
Graves,Snow Day,12
Graves,Victorious,6
Graves,Praetorian,22
Graves,Battle Professor,52
Graves,Sentinel,76
Graves,EDG,38
Gwen,Classic,144
Gwen,Space Groove,43
Gwen,Cafe Cuties,284
Hecarim,Classic,2
Hecarim,Blood Knight,3
Hecarim,Reaper,7
Hecarim,Headless,28
Hecarim,Arcade,110
Hecarim,Elderwood,98
Hecarim,Worldbreaker,5
Hecarim,Lancer Zero,28
Hecarim,High Noon,73
Hecarim,Cosmic Charger,36
Hecarim,Arcana,32
Heimerdinger,Classic,2
Heimerdinger,Alien Invader,26
Heimerdinger,Blast Zone,2
Heimerdinger,Piltover Customs,6
Heimerdinger,Snowmerdinger,12
Heimerdinger,Hazmat,11
Heimerdinger,Dragon Trainer,144
Heimerdinger,Pool Party,29
Heimerdinger,Heimerstinger,57
Illaoi,Classic,18
Illaoi,Void Bringer,9
Illaoi,Resistance,24
Illaoi,Cosmic Invoker,106
Illaoi,Snow Moon,140
Irelia,Classic,6
Irelia,Nightblade,13
Irelia,Aviator,30
Irelia,Infiltrator,12
Irelia,Frostblade,37
Irelia,Order of the Lotus,21
Irelia,Divine Sword,114
Irelia,iG,77
Irelia,PROJECT,14
Irelia,Prestige PROJECT,31
Irelia,High Noon,53
Irelia,Sentinel,86
Irelia,Mythmaker,196
Ivern,Classic,16
Ivern,Candy King,39
Ivern,Dunkmaster,67
Ivern,Old God,117
Ivern,Astronaut,24
Janna,Classic,3
Janna,Tempest,3
Janna,Hextech,4
Janna,Frost Queen,5
Janna,Victorious,11
Janna,Forecast,92
Janna,Fnatic,6
Janna,Star Guardian,16
Janna,Sacred Sword,57
Janna,Bewitching,55
Janna,Guardian of the Sands,5
Janna,Battle Queen,28
Janna,Crystal Rose,33
Janna,Cyber Halo,6
Janna,Prestige Cyber Halo,92
Jarvan IV,Classic,12
Jarvan IV,Commando,8
Jarvan IV,Dragonslayer,8
Jarvan IV,Darkforge,5
Jarvan IV,Victorious,17
Jarvan IV,Warring Kingdoms,88
Jarvan IV,Fnatic,22
Jarvan IV,Dark Star,98
Jarvan IV,SSG,14
Jarvan IV,Hextech,15
Jarvan IV,Pool Party,32
Jarvan IV,Lunar Beast,17
Jarvan IV,Worlds 2021,67
Jax,Classic,2
Jax,The Mighty,20
Jax,Vandal,3
Jax,Angler,50
Jax,PAX,29
Jax,Jaximus,10
Jax,Temple,15
Jax,Nemesis,10
Jax,SKT T1,7
Jax,Warden,1
Jax,God Staff,164
Jax,Mecha Kingdoms,115
Jax,Conqueror,4
Jax,Prestige Conqueror,8
Jax,Empyrean,34
Jayce,Classic,7
Jayce,Full Metal,27
Jayce,Debonair,22
Jayce,Forsaken,48
Jayce,Brighthammer,23
Jayce,Battle Academia,177
Jayce,Resistance,67
Jayce,Arcane,32
Jayce,Zenith Games,12
Jhin,Classic,14
Jhin,High Noon,116
Jhin,Blood Moon,60
Jhin,SKT T1,22
Jhin,PROJECT,98
Jhin,Dark Cosmic,457
Jhin,Shan Hai Scrolls,48
Jhin,DWG,48
Jhin,Empyrean,57
Jinx,Classic,3
Jinx,Crime City,25
Jinx,Firecracker,68
Jinx,Zombie Slayer,17
Jinx,Star Guardian,295
Jinx,Ambitious Elf,56
Jinx,Odyssey,44
Jinx,PROJECT,47
Jinx,Heartseeker,23
Jinx,Arcane,42
Jinx,Battle Cat,53
Jinx,Prestige Battle Cat,74
K'Sante,Classic,42
K'Sante,Empyrean,69
K'Sante,Prestige Empyrean,108
Kai'Sa,Classic,25
Kai'Sa,Bullet Angel,44
Kai'Sa,K/DA,48
Kai'Sa,Prestige K/DA,75
Kai'Sa,iG,323
Kai'Sa,Arcade,7
Kai'Sa,K/DA ALL OUT,50
Kai'Sa,Prestige K/DA ALL OUT,68
Kai'Sa,Lagoon Dragon,73
Kai'Sa,Star Guardian,235
Kalista,Classic,5
Kalista,Blood Moon,99
Kalista,Championship,26
Kalista,SKT T1,14
Kalista,Marauder,40
Kalista,Faerie Court,104
Karma,Classic,4
Karma,Sun Goddess,10
Karma,Sakura,3
Karma,Traditional,11
Karma,Order of the Lotus,12
Karma,Warden,2
Karma,Winter Wonder,14
Karma,Conqueror,8
Karma,Dark Star,50
Karma,Dawnbringer,33
Karma,Odyssey,6
Karma,Ruined,30
Karma,Tranquility Dragon,64
Karma,Faerie Queen,157
Karthus,Classic,6
Karthus,Phantom,8
Karthus,Statue of Karthus,19
Karthus,Grim Reaper,32
Karthus,Pentakill,22
Karthus,Fnatic,2
Karthus,Lightsbane,30
Karthus,Infernal,37
Karthus,Pentakill III: Lost Chapter,97
Kassadin,Classic,3
Kassadin,Festival,2
Kassadin,Deep One,3
Kassadin,Pre-Void,2
Kassadin,Harbinger,2
Kassadin,Cosmic Reaver,211
Kassadin,Count,31
Kassadin,Hextech,22
Kassadin,Shockblade,52
Katarina,Classic,4
Katarina,Mercenary,4
Katarina,Red Card,9
Katarina,Bilgewater,2
Katarina,Kitty Cat,18
Katarina,High Command,3
Katarina,Sandstorm,4
Katarina,Slay Belle,11
Katarina,Warring Kingdoms,12
Katarina,PROJECT,11
Katarina,Death Sworn,40
Katarina,Battle Academia,66
Katarina,Blood Moon,12
Katarina,Battle Queen,221
Katarina,High Noon,9
Katarina,Faerie Court,33
Katarina,Prestige Faerie Court,70
Kayle,Classic,1
Kayle,Silver,33
Kayle,Viridian,9
Kayle,Trascended,8
Kayle,Battleborn,4
Kayle,Judgment,30
Kayle,Aether Wing,66
Kayle,Riot,8
Kayle,Iron Inquisitor,32
Kayle,Pentakill,24
Kayle,PsyOps,56
Kayle,Dragonslayer,14
Kayle,Pentakill III: Lost Chapter,62
Kayle,Sun-Eater,82
Kayn,Classic,10
Kayn,Soulhunter,10
Kayn,Odyssey,173
Kayn,Nightbringer,30
Kayn,Prestige Nightbringer,81
Kayn,Snow Moon,99
Kennen,Classic,0
Kennen,Deadly,4
Kennen,Swamp Master,4
Kennen,Karate,2
Kennen,M.D.,16
Kennen,Arctic Ops,14
Kennen,Blood Moon,47
Kennen,Super Kennen,24
Kennen,Infernal,30
Kennen,DWG,79
Kennen,Astronaut,22
Kha'Zix,Classic,4
Kha'Zix,Mecha,139
Kha'Zix,Guardian of the Sands,11
Kha'Zix,Death Blossom,110
Kha'Zix,Dark Star,118
Kha'Zix,Championship,40
Kha'Zix,Odyssey,24
Kha'Zix,Lunar Guardian,15
Kindred,Classic,21
Kindred,Shadowfire,21
Kindred,Super Galaxy,21
Kindred,Spirit Blossom,432
Kindred,Porcelain,40
Kled,Classic,56
Kled,Sir Kled,44
Kled,Count Kledula,110
Kled,Marauder,58
Kog'Maw,Classic,0
Kog'Maw,Caterpillar,5
Kog'Maw,Sonoran,2
Kog'Maw,Monarch,27
Kog'Maw,Reindeer,7
Kog'Maw,Lion Dance,21
Kog'Maw,Deep Sea,3
Kog'Maw,Jurassic,6
Kog'Maw,Battlecast,19
Kog'Maw,Pug'Maw,95
Kog'Maw,Hextech,10
Kog'Maw,Arcanist,35
Kog'Maw,Bee'Maw,134
Kog'Maw,Zap'Maw,29
LeBlanc,Classic,6
LeBlanc,Wicked,3
LeBlanc,Prestigious,14
LeBlanc,Mistletoe,10
LeBlanc,Ravenborn,43
LeBlanc,Elderwood,20
LeBlanc,Program,6
LeBlanc,iG,103
LeBlanc,Coven,61
LeBlanc,Championship,56
LeBlanc,Prestige Coven,61
LeBlanc,Debonair,9
LeBlanc,Bewitching,31
Lee Sin,Classic,3
Lee Sin,Traditional,3
Lee Sin,Acolyte,4
Lee Sin,Dragon Fist,28
Lee Sin,Muay Thai,269
Lee Sin,Pool Party,22
Lee Sin,SKT T1,4
Lee Sin,Knockout,21
Lee Sin,God Fist,80
Lee Sin,Playmaker,1
Lee Sin,Nightbringer,5
Lee Sin,Prestige Nightbringer,3
Lee Sin,FPX,5
Lee Sin,Storm Dragon,251
Lee Sin,Zenith Games,4
Leona,Classic,1
Leona,Valkyrie,0
Leona,Defender,0
Leona,Iron Solari,8
Leona,Pool Party,19
Leona,PROJECT,9
Leona,Barbecue,7
Leona,Solar Eclipse,81
Leona,Lunar Eclipse,119
Leona,Mecha Kingdoms,14
Leona,Battle Academia,17
Leona,DWG,21
Leona,Prestige Battle Academia,25
Leona,Debonair,17
Leona,High Noon,121
Lillia,Classic,27
Lillia,Spirit Blossom,210
Lillia,Nightbringer,87
Lissandra,Classic,5
Lissandra,Bloodstone,7
Lissandra,Blade Queen,15
Lissandra,Program,13
Lissandra,Coven,75
Lissandra,Dark Cosmic,33
Lissandra,Porcelain,39
Lissandra,Space Groove,20
Lissandra,Prestige Porcelain,96
Lucian,Classic,7
Lucian,Hired Gun,14
Lucian,Striker,3
Lucian,PROJECT,63
Lucian,Heartseeker,4
Lucian,High Noon,399
Lucian,Demacia Vice,31
Lucian,Pulsefire,9
Lucian,Prestige Pulsefire,12
Lucian,Victorious,9
Lucian,Arcana,14
Lucian,Strike Paladin,10
Lulu,Classic,2
Lulu,Bittersweet,13
Lulu,Wicked,7
Lulu,Dragon Trainer,36
Lulu,Winter Wonder,33
Lulu,Pool Party,39
Lulu,Star Guardian,20
Lulu,Cosmic Enchantress,68
Lulu,Pajama Guardian,23
Lulu,Space Groove,21
Lulu,Prestige Space Groove,42
Lulu,Monster Tamer,30
Lux,Classic,4
Lux,Sorceress,4
Lux,Spellthief,9
Lux,Commando,13
Lux,Imperial,3
Lux,Steel Legion,9
Lux,Star Guardian,17
Lux,Elementalist,292
Lux,Lunar Empress,16
Lux,Pajama Guardian,11
Lux,Battle Academia,24
Lux,Prestige Battle Academia,33
Lux,Dark Cosmic,164
Lux,Cosmic,64
Lux,Space Groove,33
Lux,Porcelain,11
Lux,Prestige Porcelain,10
Lux,Empyrean,16
Malphite,Classic,8
Malphite,Shamrock,192
Malphite,Coral Reef,4
Malphite,Marble,6
Malphite,Obsidian,10
Malphite,Glacial,27
Malphite,Mecha,55
Malphite,Ironside,7
Malphite,Odyssey,12
Malphite,Dark Star,34
Malphite,Prestige Dark Star,33
Malphite,FPX,20
Malphite,Old God,83
Malphite,Lunar Guardian,27
Malzahar,Classic,2
Malzahar,Vizier,1
Malzahar,Shadow Prince,2
Malzahar,Djinn,1
Malzahar,Overlord,4
Malzahar,Snow Day,29
Malzahar,Battle Boss,43
Malzahar,Hextech,19
Malzahar,Worldbreaker,7
Malzahar,Beezahar,100
Malzahar,Debonair,25
Malzahar,Three Honors Malzahar,62
Maokai,Classic,1
Maokai,Charred,2
Maokai,Totemic,8
Maokai,Festive,9
Maokai,Haunted,9
Maokai,Goalkeeper,2
Maokai,Meowkai,121
Maokai,Victorious,9
Maokai,Worldbreaker,12
Maokai,Astronaut,56
Master Yi,Classic,3
Master Yi,Assassin,3
Master Yi,Chosen,23
Master Yi,Ionia,4
Master Yi,Samurai,4
Master Yi,Headhunter,2
Master Yi,PROJECT,67
Master Yi,Cosmic Blade,29
Master Yi,Eternal Sword,40
Master Yi,Snow Man,16
Master Yi,Blood Moon,8
Master Yi,PsyOps,29
Master Yi,Debonair,9
Master Yi,Spirit Blossom,30
Master Yi,Prestige Spirit Blossom,47
Milio,Classic,140
Milio,Faerie Court,99
Miss Fortune,Classic,0
Miss Fortune,Cowgirl,10
Miss Fortune,Waterloo,4
Miss Fortune,Secret Agent,12
Miss Fortune,Candy Cane,2
Miss Fortune,Road Warrior,2
Miss Fortune,Crime City,7
Miss Fortune,Arcade,31
Miss Fortune,Captain,29
Miss Fortune,Pool Party,34
Miss Fortune,Star Guardian,15
Miss Fortune,Gun Goddess,72
Miss Fortune,Pajama Guardian,10
Miss Fortune,Bewitching,50
Miss Fortune,Prestige Bewitching,79
Miss Fortune,Ruined,45
Miss Fortune,Battle Bunny,228
Miss Fortune,Broken Covenant,23
Miss Fortune,Prestige Broken Covenant,59
Mordekaiser,Classic,8
Mordekaiser,Dragon Knight,5
Mordekaiser,Infernal,10
Mordekaiser,Pentakill,13
Mordekaiser,Lord,7
Mordekaiser,King of Clubs,4
Mordekaiser,Dark Star,49
Mordekaiser,PROJECT,161
Mordekaiser,Pentakill III: Lost Chapter,22
Mordekaiser,High Noon,42
Mordekaiser,Ashen Graveknight,165
Morgana,Classic,0
Morgana,Exiled,2
Morgana,Sinful Succulence,8
Morgana,Blade Mistress,3
Morgana,Blackthorn,8
Morgana,Ghost Bride,13
Morgana,Victorious,14
Morgana,Lunar Wraith,3
Morgana,Bewitching,35
Morgana,Majestic Empress,23
Morgana,Coven,168
Morgana,Dawnbringer,56
Morgana,Prestige Bewitching,22
Morgana,Star Nemesis,116
Nami,Classic,1
Nami,Koi,18
Nami,River Spirit,11
Nami,Urf the Nami-tee,17
Nami,Deep Sea,14
Nami,SKT T1,21
Nami,Program,20
Nami,Splendid Staff,97
Nami,Cosmic Destiny,60
Nami,Bewitching,35
Nami,Space Groove,21
Nami,Prestige Space Groove,59
Nasus,Classic,1
Nasus,Galactic,2
Nasus,Pharaoh,2
Nasus,Dreadknight,2
Nasus,Riot K-9,17
Nasus,Infernal,81
Nasus,Archduke,16
Nasus,Worldbreaker,11
Nasus,Lunar Guardian,57
Nasus,Battlecast,10
Nasus,Space Groove,90
Nasus,Armored Titan,26
Nautilus,Classic,4
Nautilus,Abyssal,4
Nautilus,Subterranean,18
Nautilus,Astro,130
Nautilus,Warden,10
Nautilus,Worldbreaker,6
Nautilus,Conqueror,7
Nautilus,Shan Hai Scrolls,92
Nautilus,Fright Night,101
Neeko,Classic,13
Neeko,Winter Wonder,36
Neeko,Star Guardian,70
Neeko,Prestige Star Guardian,51
Neeko,Shan Hai Scrolls,72
Neeko,Bewitching,61
Nidalee,Classic,4
Nidalee,Snow Bunny,19
Nidalee,Leopard,5
Nidalee,French Maid,78
Nidalee,Pharaoh,5
Nidalee,Bewitching,56
Nidalee,Headhunter,29
Nidalee,Warring Kingdoms,29
Nidalee,Challenger,16
Nidalee,Super Galaxy,20
Nidalee,Dawnbringer,58
Nidalee,Cosmic Huntress,40
Nidalee,DWG,75
Nidalee,Ocean Song,42
Nilah,Classic,80
Nilah,Star Guardian,81
Nocturne,Classic,0
Nocturne,Frozen Terror,6
Nocturne,Void,0
Nocturne,Ravager,3
Nocturne,Haunting,41
Nocturne,Eternum,110
Nocturne,Cursed Revenant,18
Nocturne,Old God,80
Nocturne,Hextech,12
Nocturne,Broken Covenant,37
Nunu & Willump,Classic,12
Nunu & Willump,Sasquatch,6
Nunu & Willump,Workshop,9
Nunu & Willump,Grungy,4
Nunu & Willump,Nunu Bot,126
Nunu & Willump,Demolisher,2
Nunu & Willump,TPA,10
Nunu & Willump,Zombie,26
Nunu & Willump,Papercraft,35
Nunu & Willump,Space Groove,30
Nunu & Willump,Nunu & Beelump,61
Olaf,Classic,3
Olaf,Forsaken,2
Olaf,Glacial,1
Olaf,Brolaf,103
Olaf,Pentakill,7
Olaf,Marauder,3
Olaf,Butcher,6
Olaf,SKT T1,9
Olaf,Dragonslayer,39
Olaf,Sentinel,32
Olaf,Pentakill III: Lost Chapter,31
Orianna,Classic,5
Orianna,Gothic,2
Orianna,Sewn Chaos,8
Orianna,Bladecraft,13
Orianna,TPA,9
Orianna,Winter Wonder,53
Orianna,Heartseeker,6
Orianna,Dark Star,140
Orianna,Victorious,12
Orianna,Pool Party,37
Orianna,Orbeeanna,99
Ornn,Classic,40
Ornn,Thunder Lord,61
Ornn,Elderwood,202
Ornn,Space Groove,28
Pantheon,Classic,16
Pantheon,Myrmidon,15
Pantheon,Ruthless,6
Pantheon,Perseus,39
Pantheon,Full Metal,6
Pantheon,Glaive Warrior,14
Pantheon,Dragonslayer,140
Pantheon,Zombie Slayer,13
Pantheon,Baker,60
Pantheon,Pulsefire,28
Pantheon,Ruined,17
Pantheon,Prestige Ascended,100
Pantheon,Ashen Conqueror,25
Poppy,Classic,5
Poppy,Noxus,9
Poppy,Lollipoppy,42
Poppy,Blacksmith,9
Poppy,Ragdoll,5
Poppy,Battle Regalia,17
Poppy,Scarlet Hammer,4
Poppy,Star Guardian,34
Poppy,Snow Fawn,50
Poppy,Hextech,37
Poppy,Astronaut,70
Poppy,Bewitching,28
Pyke,Classic,9
Pyke,Sand Wraith,25
Pyke,Blood Moon,24
Pyke,PROJECT,51
Pyke,PsyOps,28
Pyke,Sentinel,12
Pyke,Ashen Knight,242
Pyke,Empyrean,136
Qiyana,Classic,11
Qiyana,Battle Boss,11
Qiyana,True Damage,38
Qiyana,Prestige True Damage,148
Qiyana,Battle Queen,78
Qiyana,Shockblade,55
Qiyana,Lunar Empress,24
Quinn,Classic,2
Quinn,Phoenix,12
Quinn,Woad Scout,26
Quinn,Corsair,28
Quinn,Heartseeker,25
Quinn,Warden,29
Quinn,Star Guardian,97
Rakan,Classic,3
Rakan,Cosmic Dawn,25
Rakan,Sweetheart,5
Rakan,SSG,17
Rakan,iG,96
Rakan,Star Guardian,141
Rakan,Elderwood,38
Rakan,Arcana,37
Rakan,Broken Covenant,12
Rammus,Classic,5
Rammus,King,43
Rammus,Chrome,1
Rammus,Molten,1
Rammus,Freljord,2
Rammus,Ninja,13
Rammus,Full Metal,18
Rammus,Guardian of the Sands,20
Rammus,Sweeper,48
Rammus,Hextech,35
Rammus,Astronaut,44
Rek'Sai,Classic,5
Rek'Sai,Eternum,37
Rek'Sai,Pool Party,42
Rek'Sai,Blackfrost,55
Rek'Sai,Elderwood,68
Rell,Classic,53
Rell,Battle Queen,53
Rell,Star Guardian,86
Renata Glasc,Classic,37
Renata Glasc,Admiral,47
Renata Glasc,Fright Night,159
Renekton,Classic,0
Renekton,Galactic,4
Renekton,Outback,8
Renekton,Bloodfury,4
Renekton,Rune Wars,5
Renekton,Scorched Earth,14
Renekton,Pool Party,82
Renekton,Prehistoric,4
Renekton,SKT T1,1
Renekton,Renektoy,44
Renekton,Hextech,9
Renekton,Blackfrost,39
Renekton,PROJECT,117
Rengar,Classic,7
Rengar,Headhunter,88
Rengar,Night Hunter,24
Rengar,SSW,5
Rengar,Mecha,14
Rengar,Pretty Kitty,99
Rengar,Guardian of the Sands,28
Rengar,Sentinel,36
Riven,Classic,4
Riven,Redeemed,15
Riven,Crimson Elite,3
Riven,Battle Bunny,44
Riven,Championship,40
Riven,Dragonblade,19
Riven,Arcade,11
Riven,Championship 2016,9
Riven,Dawnbringer,115
Riven,Pulsefire,4
Riven,Valiant Sword,21
Riven,Prestige Valiant Sword,26
Riven,Spirit Blossom,69
Riven,Sentinel,13
Riven,Battle Bunny Prime,14
Riven,Broken Covenant,97
Rumble,Classic,2
Rumble,Rumble in the Jungle,19
Rumble,Bilgerat,2
Rumble,Super Galaxy,201
Rumble,Badlands Baron,14
Rumble,Space Groove,28
Ryze,Classic,15
Ryze,Young,8
Ryze,Tribal,0
Ryze,Uncle,16
Ryze,Triumphant,3
Ryze,Professor,9
Ryze,Zombie,32
Ryze,Dark Crystal,10
Ryze,Pirate,5
Ryze,Whitebeard,24
Ryze,SKT T1,18
Ryze,Championship,45
Ryze,Guardian of the Sands,13
Ryze,Arcana,82
Samira,Classic,22
Samira,PsyOps,77
Samira,Space Groove,35
Samira,High Noon,190
Sejuani,Classic,4
Sejuani,Sabretusk,2
Sejuani,Darkrider,1
Sejuani,Traditional,11
Sejuani,Bear Cavalry,20
Sejuani,Poro Rider,75
Sejuani,Beast Hunter,4
Sejuani,Dawnchaser,2
Sejuani,Firecracker,34
Sejuani,Hextech,15
Sejuani,PROJECT,27
Sejuani,Solar Eclipse,35
Sejuani,Victorious,47
Senna,Classic,12
Senna,True Damage,16
Senna,Prestige True Damage,99
Senna,High Noon,232
Senna,PROJECT,17
Senna,Lunar Eclipse,17
Senna,Prestige Lunar Eclipse,28
Senna,Bewitching,21
Seraphine,Classic,5
Seraphine,K/DA ALL OUT (Indie),27
Seraphine,K/DA ALL OUT (Rising Star),33
Seraphine,K/DA ALL OUT (Superstar),108
Seraphine,Graceful Phoenix,42
Seraphine,Ocean Song,38
Seraphine,Prestige Ocean Song,165
Seraphine,Faerie Court,62
Sett,Classic,17
Sett,Mecha Kingdoms,28
Sett,Obsidian Dragon,47
Sett,Prestige Obsidian Dragon,66
Sett,Pool Party,48
Sett,Firecracker,11
Sett,Spirit Blossom,194
Shaco,Classic,2
Shaco,Mad Hatter,4
Shaco,Royal,4
Shaco,Nutcracko,28
Shaco,Workshop,8
Shaco,Asylum,6
Shaco,Masked,17
Shaco,Wild Card,8
Shaco,Dark Star,81
Shaco,Arcanist,33
Shaco,Crime City Nightmare,41
Shaco,Winterblessed,38
Shen,Classic,4
Shen,Frozen,6
Shen,Yellow Jacket,12
Shen,Surgeon,28
Shen,Blood Moon,6
Shen,Warlord,15
Shen,TPA,16
Shen,Pulsefire,65
Shen,Infernal,18
Shen,PsyOps,26
Shen,Shockblade,105
Shen,Ashen Guardian,221
Shyvana,Classic,2
Shyvana,Ironscale,14
Shyvana,Boneclaw,6
Shyvana,Darkflame,9
Shyvana,Ice Drake,25
Shyvana,Championship,32
Shyvana,Super Galaxy,34
Shyvana,Ruined,154
Singed,Classic,3
Singed,Riot Squad,15
Singed,Hextech,2
Singed,Surfer,18
Singed,Mad Scientist,3
Singed,Augmented,3
Singed,Snow Day,18
Singed,SSW,3
Singed,Black Scourge,11
Singed,Beekeeper,91
Singed,Resistance,5
Singed,Astronaut,46
Sion,Classic,7
Sion,Hextech,6
Sion,Barbarian,8
Sion,Lumberjack,152
Sion,Warmonger,10
Sion,Mecha Zero,110
Sion,Worldbreaker,27
Sion,Blackfrost,23
Sion,High Noon,45
Sivir,Classic,1
Sivir,Warrior Princess,4
Sivir,Spectacular,3
Sivir,Huntress,2
Sivir,Bandit,1
Sivir,PAX,26
Sivir,Snowstorm,21
Sivir,Warden,3
Sivir,Victorious,3
Sivir,Neo PAX,7
Sivir,Pizza Delivery,110
Sivir,Blood Moon,19
Sivir,Odyssey,10
Sivir,Cafe Cuties,28
Sivir,Solar Eclipse,64
Sivir,Mythmaker,6
Sivir,Prestige Mythmaker,79
Skarner,Classic,5
Skarner,Sandscourge,6
Skarner,Earthrune,15
Skarner,Battlecast Alpha,58
Skarner,Guardian of the Sands,19
Skarner,Cosmic Sting,85
Sona,Classic,2
Sona,Muse,7
Sona,Pentakill,7
Sona,Silent Night,9
Sona,Guqin,1
Sona,Arcade,21
Sona,DJ Sona,117
Sona,Sweetheart,6
Sona,Odyssey,22
Sona,PsyOps,116
Sona,Pentakill III: Lost Chapter,37
Sona,Star Guardian,50
Soraka,Classic,2
Soraka,Dryad,1
Soraka,Divine,2
Soraka,Celestine,1
Soraka,Reaper,13
Soraka,Order of the Banana,16
Soraka,Program,2
Soraka,Star Guardian,32
Soraka,Pajama Guardian,18
Soraka,Winter Wonder,8
Soraka,Dawnbringer,137
Soraka,Nightbringer,53
Soraka,Prestige Star Guardian,22
Soraka,Cafe Cuties,31
Soraka,Spirit Blossom,45
Swain,Classic,9
Swain,Northern Front,37
Swain,Bilgewater,16
Swain,Tyrant,50
Swain,Dragon Master,91
Swain,Hextech,49
Swain,Crystal Rose,64
Swain,Winterblessed,64
Sylas,Classic,17
Sylas,Lunar Wraith,25
Sylas,Freljord,220
Sylas,PROJECT,17
Sylas,Prestige PROJECT,45
Sylas,Battle Wolf,15
Sylas,Ashen Slayer,68
Syndra,Classic,11
Syndra,Justicar,18
Syndra,Atlantean,13
Syndra,Queen of Diamonds,1
Syndra,Snow Day,19
Syndra,SKT T1,11
Syndra,Star Guardian,28
Syndra,Pool Party,18
Syndra,Withered Rose,59
Syndra,Bewitching,13
Syndra,Prestige Star Guardian,121
Syndra,Spirit Blossom,124
Tahm Kench,Classic,6
Tahm Kench,Master Chef,45
Tahm Kench,Urf Kench,15
Tahm Kench,Coin Emperor,30
Tahm Kench,Arcana,130
Tahm Kench,High Noon,66
Taliyah,Classic,16
Taliyah,Freljord,48
Taliyah,SSG,67
Taliyah,Pool Party,95
Taliyah,Star Guardian,87
Talon,Classic,2
Talon,Renegade,1
Talon,Crimson Elite,4
Talon,Dragonblade,14
Talon,SSW,25
Talon,Blood Moon,40
Talon,Enduring Sword,64
Talon,Blackwood,6
Talon,Withered Rose,11
Talon,High Noon,27
Talon,Prestige High Noon,65
Taric,Classic,8
Taric,Emerald,5
Taric,Armor of the Fifth Age,87
Taric,Bloodstone,10
Taric,Pool Party,51
Taric,Luminshield,36
Taric,Space Groove,20
Teemo,Classic,3
Teemo,Happy Elf,4
Teemo,Recon,1
Teemo,Badger,4
Teemo,Astronaut,9
Teemo,Cottontail,12
Teemo,Super,3
Teemo,Panda,6
Teemo,Omega Squad,97
Teemo,Little Devil,61
Teemo,Beemo,98
Teemo,Spirit Blossom,28
Teemo,Prestige Spirit Blossom,36
Teemo,Firecracker,16
Teemo,Space Groove,33
Thresh,Classic,9
Thresh,Deep Terror,63
Thresh,Championship,48
Thresh,Blood Moon,18
Thresh,SSW,20
Thresh,Dark Star,127
Thresh,High Noon,102
Thresh,Pulsefire,2
Thresh,Prestige Pulsefire,9
Thresh,FPX,8
Thresh,Spirit Blossom,165
Thresh,Unbound,5
Thresh,Steel Dragon,33
Thresh,Lunar Emperor,13
Tristana,Classic,2
Tristana,Riot Girl,7
Tristana,Earnest Elf,9
Tristana,Firefighter,42
Tristana,Guerilla,1
Tristana,Buccaneer,2
Tristana,Rocket Girl,8
Tristana,Dragon Trainer,144
Tristana,Bewitching,22
Tristana,Omega Squad,21
Tristana,Little Demon,44
Tristana,Pengu Cosplay,41
Tristana,Hextech,16
Tristana,Firecracker,11
Tristana,Spirit Blossom,42
Trundle,Classic,5
Trundle,Lil' Slugger,22
Trundle,Junkyard,9
Trundle,Traditional,29
Trundle,Constable,17
Trundle,Worldbreaker,13
Trundle,Dragonslayer,42
Trundle,Fright Night,72
Tryndamere,Classic,2
Tryndamere,Highland,12
Tryndamere,King,7
Tryndamere,Viking,2
Tryndamere,Demonblade,30
Tryndamere,Sultan,36
Tryndamere,Warring Kingdoms,14
Tryndamere,Nightmare,17
Tryndamere,Beast Hunter,2
Tryndamere,Chemtech,10
Tryndamere,Blood Moon,43
Tryndamere,Nightbringer,32
Twisted Fate,Classic,4
Twisted Fate,PAX,32
Twisted Fate,Jack of Hearts,2
Twisted Fate,The Magnificent,26
Twisted Fate,Tango,13
Twisted Fate,High Noon,26
Twisted Fate,Musketeer,3
Twisted Fate,Underworld,48
Twisted Fate,Red Card,2
Twisted Fate,Cutpurse,6
Twisted Fate,Blood Moon,14
Twisted Fate,Pulsefire,23
Twisted Fate,Odyssey,17
Twisted Fate,DWG,29
Twisted Fate,Crime City Nightmare,57
Twisted Fate,Space Groove,8
Twitch,Classic,2
Twitch,Kingpin,6
Twitch,Whistler Village,3
Twitch,Medieval,7
Twitch,Crime City,145
Twitch,Vandal,2
Twitch,Pickpocket,15
Twitch,SSW,7
Twitch,Omega Squad,14
Twitch,Ice King,29
Twitch,Shadowfoot,93
Twitch,Dragonslayer,17
Twitch,High Noon,72
Udyr,Classic,3
Udyr,Black Belt,6
Udyr,Primal,8
Udyr,Spirit Guard,165
Udyr,Definitely Not,44
Udyr,Dragon Oracle,16
Urgot,Classic,2
Urgot,Giant Enemy Crabgot,84
Urgot,Butcher,9
Urgot,Battlecast,21
Urgot,High Noon,42
Urgot,Pajama Guardian Cosplay,84
Urgot,Fright Night,54
Varus,Classic,3
Varus,Blight Crystal,5
Varus,Arclight,18
Varus,Arctic Ops,40
Varus,Heartseeker,28
Varus,Swiftbolt,2
Varus,Dark Star,89
Varus,Conqueror,23
Varus,Infernal,10
Varus,PROJECT,33
Varus,Cosmic Hunter,59
Varus,High Noon,45
Vayne,Classic,0
Vayne,Vindicator,5
Vayne,Aristocrat,7
Vayne,Dragonslayer,33
Vayne,Heartseeker,6
Vayne,SKT T1,4
Vayne,Arclight,7
Vayne,Soulstealer,48
Vayne,PROJECT,157
Vayne,Firecracker,15
Vayne,Prestige Firecracker,26
Vayne,Spirit Blossom,58
Vayne,FPX,8
Vayne,Sentinel,113
Vayne,Battle Bat,10
Veigar,Classic,2
Veigar,White Mage,2
Veigar,Curling,9
Veigar,Greybeard,4
Veigar,Leprechaun,32
Veigar,Baron Von,2
Veigar,Superb Villain,5
Veigar,Bad Santa,13
Veigar,Final Boss,189
Veigar,Omega Squad,11
Veigar,Elderwood,42
Veigar,Furyhorn Cosplay,47
Veigar,Astronaut,20
Veigar,Monster Tamer,13
Vel'Koz,Classic,6
Vel'Koz,Battlecast,20
Vel'Koz,Arclight,80
Vel'Koz,Definitely Not,44
Vel'Koz,Infernal,48
Vel'Koz,Blackfrost,82
Vex,Classic,76
Vex,Dawnbringer,35
Vex,Empyrean,107
Vi,Classic,3
Vi,Neon Strike,40
Vi,Officer,20
Vi,Debonair,1
Vi,Demon,39
Vi,Warring Kingdoms,70
Vi,PROJECT,56
Vi,Heartbreaker,12
Vi,PsyOps,41
Vi,Arcane,49
Vi,Heartache,49
Viego,Classic,24
Viego,Lunar Beast,26
Viego,Dissonance of Pentakill,118
Viego,EDG,94
Viego,King Viego,123
Viktor,Classic,16
Viktor,Full Machine,17
Viktor,Prototype,23
Viktor,Creator,81
Viktor,Death Sworn,70
Viktor,PsyOps,96
Viktor,High Noon,116
Vladimir,Classic,3
Vladimir,Count,4
Vladimir,Marquis,11
Vladimir,Nosferatu,30
Vladimir,Vandal,3
Vladimir,Blood Lord,128
Vladimir,Soulstealer,24
Vladimir,Academy,1
Vladimir,Dark Waters,41
Vladimir,Nightbringer,28
Vladimir,Cosmic Devourer,52
Vladimir,Cafe Cuties,11
Vladimir,Broken Covenant,17
Volibear,Classic,7
Volibear,Thunder Lord,11
Volibear,Northern Storm,4
Volibear,Runeguard,11
Volibear,Captain,21
Volibear,El Rayo,7
Volibear,The Thousand-Pierced Bear,55
Volibear,Duality Dragon,25
Volibear,Prestige Duality Dragon,136
Warwick,Classic,2
Warwick,Grey,5
Warwick,Urf the Manatee,14
Warwick,Big Bad,9
Warwick,Tundra Hunter,5
Warwick,Feral,1
Warwick,Firefang,5
Warwick,Hyena,21
Warwick,Marauder,0
Warwick,Urfwick,16
Warwick,Lunar Guardian,25
Warwick,PROJECT,55
Warwick,Old God,56
Warwick,Winterblessed,7
Warwick,Prestige Winterblessed,64
Wukong,Classic,7
Wukong,Volcanic,10
Wukong,General,5
Wukong,Jade Dragon,31
Wukong,Underworld,49
Wukong,Radiant,79
Wukong,Lancer Stratus,50
Wukong,Battle Academia,32
Xayah,Classic,9
Xayah,Cosmic Dusk,58
Xayah,Sweetheart,3
Xayah,SSG,45
Xayah,Star Guardian,202
Xayah,Elderwood,62
Xayah,Brave Phoenix,38
Xayah,Prestige Brave Phoenix,42
Xayah,Arcana,62
Xayah,Broken Covenant,45
Xerath,Classic,3
Xerath,Runeborn,7
Xerath,Battlecast,2
Xerath,Scorched Earth,12
Xerath,Guardian of the Sands,17
Xerath,Dark Star,87
Xerath,Arcana,100
Xerath,Astronaut,15
Xin Zhao,Classic,3
Xin Zhao,Commando,2
Xin Zhao,Imperial,1
Xin Zhao,Viscero,0
Xin Zhao,Winged Hussar,18
Xin Zhao,Warring Kingdoms,25
Xin Zhao,Secret Agent,22
Xin Zhao,Dragonslayer,24
Xin Zhao,Cosmic Defender,64
Xin Zhao,Marauder,19
Xin Zhao,Firecracker,10
Yasuo,Classic,20
Yasuo,High Noon,110
Yasuo,PROJECT,11
Yasuo,Blood Moon,20
Yasuo,Nightbringer,180
Yasuo,Odyssey,6
Yasuo,Battle Boss,3
Yasuo,True Damage,14
Yasuo,Prestige True Damage,12
Yasuo,Spirit Blossom,53
Yasuo,Sea Dog,13
Yasuo,Truth Dragon,108
Yasuo,Dream Dragon,82
Yone,Classic,59
Yone,Spirit Blossom,187
Yone,Battle Academia,33
Yone,Dawnbringer,138
Yone,Ocean Song,37
Yorick,Classic,7
Yorick,Undertaker,9
Yorick,Pentakill,19
Yorick,Arclight,31
Yorick,Meowrick,82
Yorick,Resistance,8
Yorick,Pentakill III: Lost Chapter,31
Yorick,Spirit Blossom,64
Yuumi,Classic,8
Yuumi,Battle Principal,34
Yuumi,Heartseeker,15
Yuumi,Yuubee,87
Yuumi,Bewitching,45
Yuumi,EDG,63
Zac,Classic,22
Zac,Special Weapon,3
Zac,Pool Party,119
Zac,SKT T1,23
Zac,Battlecast,28
Zac,Empyrean,107
Zed,Classic,1
Zed,Shockblade,82
Zed,SKT T1,6
Zed,PROJECT,25
Zed,Championship,32
Zed,Death Sworn,15
Zed,Galaxy Slayer,272
Zed,PsyOps,9
Zed,Prestige PROJECT,18
Zed,Debonair,48
Zed,Empyrean,19
Zeri,Classic,69
Zeri,Withered Rose,125
Zeri,Ocean Song,178
Ziggs,Classic,2
Ziggs,Mad Scientist,5
Ziggs,Major,2
Ziggs,Pool Party,24
Ziggs,Snow Day,24
Ziggs,Master Arcanist,63
Ziggs,Battle Boss,26
Ziggs,Odyssey,12
Ziggs,Sugar Rush,20
Ziggs,Hextech,19
Ziggs,BZZZiggs,68
Zilean,Classic,3
Zilean,Old Saint,11
Zilean,Groovy,37
Zilean,Shurima Desert,3
Zilean,Time Machine,4
Zilean,Blood Moon,42
Zilean,Sugar Rush,51
Zilean,Winterblessed,101
Zoe,Classic,8
Zoe,Cyber Pop,34
Zoe,Pool Party,47
Zoe,Star Guardian,139
Zoe,Arcanist,26
Zoe,Prestige Arcanist,58
Zoe,EDG,78
Zoe,Winterblessed,54
Zyra,Classic,2
Zyra,Wildfire,5
Zyra,Haunted,21
Zyra,SKT T1,5
Zyra,Dragon Sorceress,89
Zyra,Coven,81
Zyra,Prestige Coven,52
Zyra,Crystal Rose,117
Zyra,Crime City Nightmare,13
Zyra,Mythmaker,33
